HousingID,prediction6
ID #34,100152.679285637
ID #43,96290.1004491922
ID #47,179091.407418637
ID #54,101789.467050642
ID #57,95906.6550867246
ID #81,133032.280582476
ID #94,195488.944577125
ID #107,353804.559272466
ID #122,285237.47701138
ID #142,414436.375562405
ID #159,402021.994540532
ID #160,241069.79858968
ID #176,97452.5299983415
ID #190,102325.691290236
ID #195,171811.746449914
ID #196,126478.917031594
ID #197,123178.090501992
ID #199,94969.2545482138
ID #204,94308.5701035678
ID #220,141710.779376302
ID #227,245579.22067998
ID #230,145615.068592004
ID #258,91686.9791937257
ID #266,129377.378227728
ID #285,175411.111132502
ID #289,205392.721010474
ID #298,125462.261089196
ID #299,113491.546148134
ID #311,117673.821672606
ID #320,119237.563115957
ID #332,124294.418365156
ID #344,104742.825099285
ID #347,111981.657399434
ID #358,340980.717340095
ID #365,325525.4396762
ID #391,182233.986989155
ID #396,155704.808072066
ID #399,271307.362887104
ID #400,319501.262342331
ID #402,360446.920185005
ID #405,454068.8322985
ID #410,493204.330194402
ID #416,419544.365149636
ID #429,285854.376134002
ID #447,357838.238182258
ID #461,278362.52262524
ID #474,116134.445470691
ID #490,130281.03000192
ID #495,492296.891273283
ID #505,102757.673518913
ID #507,125101.673189715
ID #519,366347.122811233
ID #520,391039.372345282
ID #521,394023.840798292
ID #539,198712.653391725
ID #541,197097.686998155
ID #554,174637.22436181
ID #584,254752.824339371
ID #587,281586.888162422
ID #602,225653.610996482
ID #610,225003.805587825
ID #650,195958.926764092
ID #677,247743.693961952
ID #685,142404.665392864
ID #692,214577.693082129
ID #699,206131.127117739
ID #708,234197.842647176
ID #709,147073.086870845
ID #714,160065.918973574
ID #718,190313.432618394
ID #734,242381.112040442
ID #743,194322.965588154
ID #762,172513.358003529
ID #773,165109.582538822
ID #776,278606.878270916
ID #783,163707.685791978
ID #797,177930.604994092
ID #800,154803.456416379
ID #807,175640.388392029
ID #827,196510.767398755
ID #828,179948.862313555
ID #846,283563.053888703
ID #864,297192.612196264
ID #873,204846.016239945
ID #896,245300.601507626
ID #902,303853.567435803
ID #911,259291.291683974
ID #915,285930.810058812
ID #917,265275.10295884
ID #924,498762.065764833
ID #928,296799.969468139
ID #931,229208.261083694
ID #935,159088.947691363
ID #944,301072.74435289
ID #958,283860.949711678
ID #972,342543.077686751
ID #990,250231.772147676
ID #991,302343.481528249
ID #998,195811.079398082
ID #1016,256003.628882172
ID #1039,135809.487773719
ID #1065,68112.7645939528
ID #1074,137485.754454194
ID #1077,118008.312980169
ID #1080,89066.7182040439
ID #1108,119643.030812734
ID #1117,78463.8159031377
ID #1124,112039.813521842
ID #1129,82910.6921391478
ID #1156,92522.1869990632
ID #1172,70611.3363446374
ID #1201,76323.1366492701
ID #1208,76638.6352968395
ID #1210,130966.976985754
ID #1217,102557.518152227
ID #1230,114247.688769914
ID #1238,137439.379995751
ID #1249,90788.0772671719
ID #1264,150108.125916988
ID #1267,142854.436786065
ID #1268,70993.692086026
ID #1271,128757.804520159
ID #1275,194426.508290483
ID #1289,175506.783605462
ID #1293,143097.624342008
ID #1316,208148.900276583
ID #1318,182156.566651101
ID #1323,113751.096744414
ID #1332,175169.434379735
ID #1337,195382.322294901
ID #1338,167100.525958552
ID #1350,172300.54037251
ID #1361,120458.22284095
ID #1369,146081.955909063
ID #1373,183689.802461663
ID #1374,195953.943738876
ID #1383,207848.785109652
ID #1397,171410.207477321
ID #1402,189111.145020059
ID #1406,196167.60901231
ID #1420,318169.536567811
ID #1435,198680.216516852
ID #1439,199166.455659591
ID #1448,197975.123088992
ID #1475,168075.675905053
ID #1480,147421.852907219
ID #1483,135053.901709683
ID #1507,172946.477116496
ID #1539,383329.501400694
ID #1557,412202.185602206
ID #1568,324880.136529668
ID #1572,323468.666391618
ID #1592,498002.911349731
ID #1593,300135.682941114
ID #1594,492339.000873849
ID #1600,389391.668222567
ID #1602,175589.046394526
ID #1604,333761.721912357
ID #1606,154442.193981688
ID #1608,185957.067190219
ID #1617,413219.032010678
ID #1647,457373.080432816
ID #1655,367282.86641887
ID #1657,276351.715357834
ID #1659,281954.764936493
ID #1663,245485.293348399
ID #1669,308698.387657685
ID #1693,240335.480241084
ID #1694,228396.458647931
ID #1706,177183.78718232
ID #1707,214097.431718315
ID #1711,174654.92254055
ID #1723,119836.219712574
ID #1733,109059.51180382
ID #1748,103683.818943342
ID #1763,180364.746516702
ID #1770,124297.512285051
ID #1791,77281.6844423956
ID #1825,167068.313406094
ID #1878,75983.0959853005
ID #1887,104643.283887149
ID #1903,145691.608032091
ID #1914,183322.772545114
ID #1919,124171.024331122
ID #1925,121477.816386814
ID #1965,104017.467566479
ID #1972,143942.232765409
ID #1984,136979.763490558
ID #2007,56665.274952689
ID #2013,112032.173605467
ID #2016,61029.5932149574
ID #2023,61851.9729009298
ID #2025,55477.7709497402
ID #2030,56736.9187239333
ID #2036,56301.6417116177
ID #2042,192013.554645594
ID #2056,57637.7937020662
ID #2059,62067.5982284935
ID #2071,70394.5673304169
ID #2120,79476.9880184233
ID #2132,87640.2069428695
ID #2140,76114.3359056756
ID #2147,76438.585879687
ID #2152,58033.2309441407
ID #2154,114952.110622215
ID #2161,95284.6534308114
ID #2171,105708.492628445
ID #2183,74202.3359512786
ID #2202,113956.966743979
ID #2206,135870.129517028
ID #2218,206732.264125104
ID #2219,135257.598420777
ID #2226,217178.095740333
ID #2237,107669.429144588
ID #2238,112007.387694083
ID #2239,135853.054520817
ID #2243,84916.0902952906
ID #2267,75724.2483950672
ID #2270,79214.4921319313
ID #2271,57167.3311283092
ID #2275,75484.4584114973
ID #2281,69939.1291724403
ID #2283,76837.4024168756
ID #2333,107360.456778184
ID #2347,109173.406948498
ID #2349,84943.6147746833
ID #2351,89457.1220690778
ID #2355,103209.231654136
ID #2387,67749.247966813
ID #2388,96129.6208961509
ID #2396,143556.391177995
ID #2397,108281.533018474
ID #2399,103674.855652571
ID #2432,68645.7932011937
ID #2433,57636.5562842541
ID #2446,70257.8073791153
ID #2452,57641.4403513075
ID #2458,78427.916209461
ID #2462,72234.637994969
ID #2466,62376.7456866941
ID #2473,78947.8940608461
ID #2505,87280.4798011672
ID #2513,77988.8268325392
ID #2531,70580.2993780297
ID #2535,79600.6969651444
ID #2548,63713.4835306579
ID #2554,72270.2123233895
ID #2562,61316.6309500296
ID #2565,64676.5875229721
ID #2574,86962.6016467127
ID #2579,94403.4454034159
ID #2603,82748.0627895747
ID #2609,93478.8371535763
ID #2610,76685.9587273086
ID #2617,94804.8249224822
ID #2645,96921.2814690336
ID #2653,79006.5363153294
ID #2657,73241.430555544
ID #2661,78707.913460491
ID #2666,63656.3992733626
ID #2686,78470.2525291661
ID #2694,173402.742690638
ID #2749,115814.945493826
ID #2751,69341.2881476534
ID #2760,80721.2017706056
ID #2766,85559.5325930154
ID #2768,73294.8280964597
ID #2769,76668.1194409963
ID #2779,52592.6427122418
ID #2793,76631.275052327
ID #2799,77522.9052308733
ID #2809,74982.5866346242
ID #2813,54263.3323427975
ID #2854,99874.7605861803
ID #2856,95036.6030172111
ID #2865,99348.3300604045
ID #2873,54476.3174322885
ID #2882,54663.2143189901
ID #2921,58884.0964345532
ID #2922,66970.8622759105
ID #2928,55286.7159081326
ID #2935,56111.9144274699
ID #2952,62338.6302899886
ID #2954,62278.9400743297
ID #2968,177061.855448036
ID #2985,54893.9645086277
ID #2987,57735.9055225337
ID #2994,108855.348096848
ID #2996,121442.21121428
ID #3010,99528.3347807938
ID #3019,107711.154610998
ID #3026,156066.141546039
ID #3028,86353.5460463786
ID #3031,56811.0636995581
ID #3032,83596.5584206311
ID #3056,54179.0550709401
ID #3103,199498.843384464
ID #3105,115905.82912826
ID #3106,233915.216683299
ID #3111,105727.064675077
ID #3137,128404.919624743
ID #3141,153182.534413171
ID #3148,152628.129758307
ID #3149,89403.848144767
ID #3164,69102.4506125534
ID #3165,67938.0589165312
ID #3178,103143.641063064
ID #3193,84929.2655489696
ID #3208,81559.3652702416
ID #3209,70970.4590789853
ID #3216,54972.8729760988
ID #3219,85815.5223334237
ID #3223,59001.0943065902
ID #3263,77369.6279065306
ID #3271,154369.654928886
ID #3273,90607.9825616446
ID #3276,82567.739004121
ID #3309,107543.409450428
ID #3314,158932.744731417
ID #3324,196375.905068793
ID #3343,88508.8209694222
ID #3344,95657.0008481967
ID #3364,62763.5066490456
ID #3374,242413.578073696
ID #3386,333992.827838918
ID #3391,160153.319336801
ID #3399,226800.430677498
ID #3401,239773.661637558
ID #3431,149170.881795277
ID #3437,133283.277108289
ID #3444,133430.656731776
ID #3449,143544.025454375
ID #3456,232466.323321073
ID #3458,223994.77085929
ID #3461,261429.561719318
ID #3464,198687.076484863
ID #3479,361047.548209058
ID #3497,220367.073671897
ID #3498,244691.846738858
ID #3505,238079.845054537
ID #3514,258240.771628447
ID #3520,250656.509412269
ID #3540,241563.769155707
ID #3570,240555.33870168
ID #3577,252613.580510747
ID #3580,237533.009755717
ID #3583,279859.41564857
ID #3618,181486.278349374
ID #3630,217704.685593786
ID #3654,225240.039113888
ID #3671,169274.314405841
ID #3674,191651.151028846
ID #3685,145751.629175722
ID #3710,140336.776670895
ID #3734,235343.784320989
ID #3735,301897.743990989
ID #3745,404176.026211273
ID #3769,420419.794253399
ID #3784,206814.96600434
ID #3787,168886.196020866
ID #3813,225609.844744072
ID #3815,231970.480205684
ID #3818,322899.554324499
ID #3840,255743.071938247
ID #3848,393220.143466274
ID #3867,278519.390338461
ID #3868,282860.11864564
ID #3888,217161.175214648
ID #3892,241932.53089244
ID #3904,269728.492223054
ID #3920,244386.413471505
ID #3936,305185.144537478
ID #3943,147003.085080086
ID #3954,470911.821393706
ID #3958,179799.030182754
ID #3962,248536.673318925
ID #3967,237410.986786542
ID #3996,447159.271311653
ID #3999,237057.900735665
ID #4000,446596.195824887
ID #4002,424040.900969538
ID #4003,460600.248049522
ID #4008,466187.351181134
ID #4011,360307.942121749
ID #4018,402092.99442466
ID #4039,319813.454796173
ID #4073,492456.935211397
ID #4079,452994.9116637
ID #4082,348545.142221883
ID #4131,210991.076065986
ID #4140,203457.158478247
ID #4149,169152.631816597
ID #4155,166955.876621932
ID #4170,321002.649299104
ID #4184,183966.365232639
ID #4187,203305.930436939
ID #4197,192719.692690031
ID #4201,137620.172635023
ID #4207,188631.544970901
ID #4248,492150.718516879
ID #4262,262890.878450535
ID #4263,245235.616454516
ID #4294,202350.464410171
ID #4303,126872.441857411
ID #4305,173543.641835273
ID #4312,216096.276854152
ID #4320,493951.880864386
ID #4321,344412.083247556
ID #4337,203090.426672543
ID #4346,493816.861713243
ID #4357,334027.574038155
ID #4369,315110.430599311
ID #4370,280681.523613844
ID #4373,344176.55359608
ID #4376,175523.000640302
ID #4383,197986.862310277
ID #4387,153770.551061331
ID #4396,205603.836655086
ID #4406,196185.056305048
ID #4421,166039.300384755
ID #4449,123770.972762284
ID #4454,183096.29124171
ID #4458,161518.632630016
ID #4460,210445.895859359
ID #4467,167127.724765316
ID #4490,146915.663416952
ID #4508,137325.742342001
ID #4514,154201.122164767
ID #4517,130484.848384646
ID #4531,153996.850597005
ID #4536,140094.614381974
ID #4547,319987.052504883
ID #4555,256705.124994196
ID #4556,169526.643028517
ID #4558,131074.489188726
ID #4560,145232.273746459
ID #4564,133393.784480569
ID #4574,213935.214466956
ID #4597,157926.955180537
ID #4612,217059.94711123
ID #4617,163461.830137929
ID #4625,337736.907227754
ID #4633,251607.376069275
ID #4647,247481.912484374
ID #4649,211717.312915022
ID #4666,230628.157994536
ID #4669,167623.490549545
ID #4682,456205.129339322
ID #4706,292907.49696163
ID #4720,409213.408701701
ID #4725,431203.754190444
ID #4739,401332.192821145
ID #4761,166721.15070026
ID #4772,173551.7577966
ID #4787,197687.781680169
ID #4790,129264.849488362
ID #4799,129875.896949522
ID #4804,151018.180669284
ID #4817,129598.597060716
ID #4824,167001.498415233
ID #4832,147599.114390388
ID #4836,159391.175515278
ID #4848,102704.420891818
ID #4885,117041.959415609
ID #4904,104227.969279742
ID #4914,129697.95451161
ID #4924,110222.279842082
ID #4925,96053.3005413477
ID #4942,127262.201459417
ID #4947,123745.302407554
ID #4956,169110.883306666
ID #4965,132230.230738252
ID #4980,146026.767553028
ID #4982,113472.960002696
ID #4985,148057.113863095
ID #4986,104148.67256993
ID #4991,107772.168045117
ID #5009,310696.159083691
ID #5012,180927.083603022
ID #5013,253588.237185072
ID #5033,185667.65407505
ID #5037,160781.903176804
ID #5043,130673.512407613
ID #5050,388938.932419493
ID #5053,200812.676324443
ID #5056,177032.071436075
ID #5064,131799.150368142
ID #5081,117016.552654512
ID #5087,131494.717974992
ID #5089,160077.030874254
ID #5099,180465.589843712
ID #5106,186861.798792128
ID #5131,118873.699086862
ID #5145,101119.691232422
ID #5146,102048.860657239
ID #5166,130359.44759098
ID #5171,121885.054060463
ID #5175,128661.359072968
ID #5198,104721.991903143
ID #5199,108018.599784461
ID #5209,131574.361954477
ID #5219,109645.767402645
ID #5247,495318.167216701
ID #5266,493407.216489235
ID #5277,492958.295480332
ID #5284,364471.166681685
ID #5311,437107.480673395
ID #5317,423978.406634736
ID #5325,358287.610222616
ID #5329,261756.278648784
ID #5360,357493.515331741
ID #5378,266306.025011714
ID #5386,316554.999899176
ID #5390,231403.885390137
ID #5395,191024.701189732
ID #5400,291133.110697376
ID #5439,448634.55817866
ID #5467,339999.784913181
ID #5469,356804.818911071
ID #5476,322974.081687171
ID #5496,229005.668290818
ID #5501,211795.597384857
ID #5520,438811.118111108
ID #5533,388143.875632732
ID #5538,474221.311029592
ID #5539,307199.90265376
ID #5546,427668.049908876
ID #5555,385644.323837295
ID #5559,465271.680633616
ID #5568,171243.966199459
ID #5570,174642.298190205
ID #5577,192223.775410314
ID #5585,176095.115270013
ID #5593,161934.568596436
ID #5598,221235.721259955
ID #5608,137559.828537651
ID #5614,162125.011098563
ID #5616,132545.527072998
ID #5618,147392.509525579
ID #5651,236228.083456711
ID #5652,195081.626319831
ID #5666,193678.289373881
ID #5668,278143.317595403
ID #5681,428128.245692562
ID #5697,341965.216198212
ID #5702,259915.926820789
ID #5720,337761.535216461
ID #5732,401546.699796795
ID #5755,479650.93576605
ID #5768,258523.68014743
ID #5781,200691.700730842
ID #5832,369819.402864983
ID #5840,290603.866895325
ID #5842,286162.946857251
ID #5854,307139.885887999
ID #5855,337741.784842972
ID #5860,266579.421057742
ID #5866,222899.408541366
ID #5875,284658.99451849
ID #5879,411756.992460558
ID #5887,274620.917395225
ID #5891,279627.018758766
ID #5893,327779.331784747
ID #5930,208961.1106468
ID #5936,362203.592819877
ID #5937,176222.522117681
ID #5940,184822.64797757
ID #5946,303459.864487921
ID #5970,137012.323654384
ID #6001,188842.031582557
ID #6006,113533.441788826
ID #6043,99626.0903416976
ID #6073,480108.710577537
ID #6092,190356.51140914
ID #6103,214623.761353175
ID #6106,153852.798715489
ID #6109,199634.421346944
ID #6111,183822.31601546
ID #6112,161020.711133866
ID #6113,145691.446303175
ID #6126,198759.151474949
ID #6128,163348.361528408
ID #6133,114957.607571089
ID #6142,145285.598391328
ID #6149,121350.542513808
ID #6151,139547.132568098
ID #6156,166876.260808028
ID #6157,162984.864930291
ID #6180,204736.029008494
ID #6192,169105.125379062
ID #6195,232232.613051954
ID #6210,195311.159298898
ID #6223,210749.17861262
ID #6224,181602.233475269
ID #6229,217981.488732967
ID #6266,162903.69815571
ID #6275,164626.820326069
ID #6277,167856.101144934
ID #6284,170632.629970975
ID #6310,160804.448586004
ID #6313,174089.794912893
ID #6314,205163.423206252
ID #6339,226141.706630516
ID #6343,88352.8188388757
ID #6349,90958.8641981793
ID #6352,323556.261448862
ID #6355,151573.412652966
ID #6365,327298.218078816
ID #6370,201980.879086099
ID #6406,250402.780069633
ID #6410,330762.029454588
ID #6412,279204.209141946
ID #6413,379257.972692229
ID #6435,227932.260103542
ID #6449,336281.912790632
ID #6485,118174.061370028
ID #6488,151565.276647065
ID #6500,132211.145414039
ID #6505,135588.407886674
ID #6511,162186.454572307
ID #6530,150291.958707584
ID #6533,169948.22476277
ID #6537,168043.644067324
ID #6591,493460.734107896
ID #6602,158201.057969244
ID #6605,171762.350708018
ID #6610,138091.546692085
ID #6631,135465.803232147
ID #6640,251666.45278638
ID #6642,134340.015214653
ID #6653,139709.120306752
ID #6663,222084.143485998
ID #6673,183945.115139273
ID #6695,297023.295065287
ID #6704,271300.758852317
ID #6710,125700.904461121
ID #6748,226122.528366405
ID #6780,247881.170232859
ID #6784,320251.778857991
ID #6786,438118.318128759
ID #6803,195516.339971352
ID #6808,204343.220183249
ID #6811,178766.061264402
ID #6822,161541.708001756
ID #6826,173944.041240068
ID #6832,193580.055088607
ID #6841,132996.665533178
ID #6859,205887.613405383
ID #6873,150428.554429472
ID #6874,161446.664357129
ID #6875,146889.212319608
ID #6879,160944.401699657
ID #6886,122399.155717876
ID #6922,343144.475000434
ID #6947,164286.225417067
ID #6948,135183.487544697
ID #6950,109650.286038422
ID #6958,216771.390986823
ID #6977,244638.228525786
ID #6985,256306.942898334
ID #6986,255487.045880685
ID #7009,172806.338047706
ID #7010,156415.232866704
ID #7027,185822.285535826
ID #7029,205038.080656371
ID #7033,189668.973116919
ID #7039,181039.800603702
ID #7066,161254.117177702
ID #7072,197808.356642172
ID #7083,173702.321678145
ID #7091,209450.814761234
ID #7095,293104.454374728
ID #7113,240833.774275567
ID #7162,130251.173349031
ID #7173,103015.652528358
ID #7177,175024.898486475
ID #7188,105448.438512396
ID #7193,110688.691823574
ID #7198,127775.265196224
ID #7203,149736.64983913
ID #7211,160960.758442374
ID #7216,130069.908851439
ID #7217,116608.11460455
ID #7218,135494.352024197
ID #7219,155729.072358509
ID #7222,154049.454579069
ID #7223,130426.87513838
ID #7226,167711.005279541
ID #7234,159797.826122982
ID #7242,174407.546473444
ID #7243,138185.260372588
ID #7260,167051.881418745
ID #7270,163264.735806079
ID #7275,109555.326129965
ID #7278,127049.067885731
ID #7280,102765.835786148
ID #7289,163919.08948536
ID #7290,171707.839424221
ID #7295,113719.6190608
ID #7344,117223.369878145
ID #7348,146097.101783243
ID #7352,163142.795995563
ID #7360,129843.58456336
ID #7370,188492.138111154
ID #7383,104208.843114483
ID #7393,129766.215915023
ID #7412,159799.474240463
ID #7416,138447.969373297
ID #7439,153387.681788446
ID #7454,215363.207729635
ID #7456,157113.342001221
ID #7461,104425.730723168
ID #7477,145842.550574323
ID #7484,132121.593182025
ID #7486,127943.008718353
ID #7495,133037.555778007
ID #7522,132529.643603751
ID #7525,134483.102089693
ID #7534,130651.562260466
ID #7546,100995.206259614
ID #7570,158209.457112139
ID #7582,168360.477013699
ID #7590,146796.886524179
ID #7593,104016.542476055
ID #7601,133640.143790635
ID #7606,147278.817335379
ID #7613,124036.579833244
ID #7627,177430.088853358
ID #7635,200383.164660241
ID #7654,174185.070472041
ID #7661,183765.928520047
ID #7665,154740.741991913
ID #7670,191376.82270396
ID #7689,200057.530370371
ID #7709,399439.417269664
ID #7715,321988.73504351
ID #7716,265981.773973303
ID #7719,232499.755489037
ID #7747,207148.2744406
ID #7752,149828.796474602
ID #7753,159655.523174808
ID #7758,264066.674153795
ID #7760,212559.703112466
ID #7763,170748.07265514
ID #7764,163016.444758851
ID #7765,187198.998276548
ID #7795,150144.288318027
ID #7816,179532.828603489
ID #7825,245746.304831049
ID #7854,175841.188429223
ID #7857,214497.44667666
ID #7865,163920.894080771
ID #7879,198330.851586463
ID #7894,260229.156674909
ID #7897,279030.84926838
ID #7911,207239.737635588
ID #7915,159350.435954529
ID #7926,227960.633251387
ID #7933,197971.331875111
ID #7939,217777.882210143
ID #7949,251951.746186597
ID #7960,186915.949350501
ID #7978,182607.226587128
ID #7984,275455.713469776
ID #7992,165952.315398347
ID #7994,201793.2505122
ID #7998,215413.350466107
ID #8010,223263.68479543
ID #8012,241815.12203334
ID #8038,260342.784571839
ID #8046,255862.626267574
ID #8050,231619.472786091
ID #8058,220908.865656576
ID #8066,240695.657663429
ID #8084,160328.158126965
ID #8086,251626.290115366
ID #8089,165834.868130235
ID #8095,170385.511031708
ID #8114,186260.736663637
ID #8122,132984.473909475
ID #8150,265658.053224015
ID #8183,274902.292680282
ID #8185,295468.404082654
ID #8192,241587.004655647
ID #8208,165811.487809817
ID #8213,133793.925482154
ID #8218,124692.900462555
ID #8229,171951.543792498
ID #8230,198775.221291976
ID #8238,235482.935234045
ID #8255,248002.321440982
ID #8267,295258.96852067
ID #8274,270791.977913494
ID #8276,151894.957743167
ID #8279,160656.993750167
ID #8285,286900.913692827
ID #8303,462206.431614503
ID #8306,491997.68820666
ID #8317,470291.753587316
ID #8327,182881.21881765
ID #8341,217687.76661729
ID #8342,234448.896731478
ID #8351,357966.343380021
ID #8355,240878.745704266
ID #8367,186071.762481245
ID #8394,187159.735063695
ID #8409,104659.931417756
ID #8411,149564.267250972
ID #8420,197548.842875742
ID #8427,205419.264141588
ID #8428,233792.742588021
ID #8449,336156.634424616
ID #8462,173596.706848296
ID #8469,167098.547224588
ID #8471,186379.901349622
ID #8514,233970.566105246
ID #8517,185585.269734057
ID #8518,198817.92084994
ID #8519,264503.288178021
ID #8527,252996.324088963
ID #8542,234569.820139064
ID #8548,184711.079243282
ID #8553,204166.973625965
ID #8585,466941.124197899
ID #8594,292374.001097007
ID #8604,329472.11620208
ID #8613,308053.184086514
ID #8621,471475.379347263
ID #8627,438475.50487985
ID #8642,431535.094338688
ID #8663,350472.44867391
ID #8682,220917.910328861
ID #8696,280816.840429487
ID #8713,339750.02221732
ID #8725,327456.347160257
ID #8733,156654.097816556
ID #8746,331907.108022674
ID #8748,273873.168690019
ID #8782,251431.689878932
ID #8788,496937.352205552
ID #8802,398275.940556867
ID #8803,457425.236563698
ID #8818,494334.62430888
ID #8819,454097.114129246
ID #8837,308963.832189601
ID #8842,279847.608742941
ID #8852,496216.250125506
ID #8890,447522.168701517
ID #8893,375628.553080943
ID #8909,415736.526524355
ID #8915,164748.25133331
ID #8921,233238.050759843
ID #8948,393937.402807751
ID #8965,242928.780859748
ID #8974,335196.378594176
ID #8979,186660.311559845
ID #8992,387746.591026697
ID #8996,328625.630914965
ID #9002,314543.113652434
ID #9017,367914.828249267
ID #9031,495211.983069504
ID #9039,81454.6885952106
ID #9045,86118.5971984975
ID #9049,165073.245777864
ID #9053,94253.5958174283
ID #9059,102006.810721413
ID #9075,136929.515599243
ID #9076,213590.376575564
ID #9077,112535.414424832
ID #9079,91431.310757151
ID #9082,136789.952096612
ID #9084,290489.957316746
ID #9090,118906.941366362
ID #9108,138299.536998622
ID #9113,170571.702759141
ID #9127,116013.190415816
ID #9134,153590.970825223
ID #9144,175031.900955198
ID #9154,312127.849189956
ID #9158,216621.693607032
ID #9178,220897.354665648
ID #9198,84130.7413129814
ID #9201,106182.350636596
ID #9233,103698.501205333
ID #9245,78004.9016243338
ID #9246,75485.4095019355
ID #9258,58287.0493916366
ID #9259,62137.0746423746
ID #9274,304568.296355746
ID #9276,290667.678229136
ID #9279,193538.738289908
ID #9294,224694.217143817
ID #9305,248993.42852881
ID #9308,253710.340104222
ID #9317,494559.823636774
ID #9325,262262.60993049
ID #9337,297660.536713733
ID #9344,379787.300586476
ID #9347,349970.465785573
ID #9355,495123.270853447
ID #9360,472617.222443454
ID #9362,495203.834547183
ID #9374,450042.189048608
ID #9390,472777.529983718
ID #9393,418707.099606751
ID #9414,379077.921131676
ID #9425,390285.3252321
ID #9434,272010.455075717
ID #9436,94629.3356894107
ID #9447,88239.9750036432
ID #9450,105783.486783654
ID #9457,77161.3120669907
ID #9463,116559.123880474
ID #9474,154731.20642477
ID #9479,125925.219118259
ID #9486,92840.547696744
ID #9490,111663.615182423
ID #9497,134179.272422313
ID #9509,123453.89713545
ID #9513,134596.561841437
ID #9526,221942.132187495
ID #9544,61608.2850161855
ID #9553,90391.2052130445
ID #9561,102830.428326979
ID #9574,108415.794722573
ID #9576,74917.5070630712
ID #9588,110589.778847642
ID #9620,171229.96018986
ID #9626,63463.2598302246
ID #9637,99468.8855344412
ID #9642,95663.4621390851
ID #9644,76121.5816635262
ID #9645,123309.405852455
ID #9660,60323.3892249161
ID #9674,89433.9372153944
ID #9681,84638.778909939
ID #9703,234816.794932359
ID #9705,254803.146644305
ID #9706,191367.774239389
ID #9743,239963.936240834
ID #9748,169246.367467562
ID #9752,274388.878540129
ID #9764,223969.83990645
ID #9769,151848.227933995
ID #9771,160220.869201872
ID #9793,357036.622427557
ID #9794,278675.647974583
ID #9801,464925.668920318
ID #9822,277540.922252252
ID #9833,288493.022682329
ID #9834,221100.774969015
ID #9838,257242.544181454
ID #9847,280144.119280525
ID #9859,230838.606402262
ID #9883,166267.147049896
ID #9887,252267.606473209
ID #9916,124270.829211334
ID #9923,138301.956290654
ID #9925,195914.702784968
ID #9929,239150.323210734
ID #9931,175959.719069313
ID #9935,261968.870571152
ID #9938,190581.97613908
ID #9939,326624.548273472
ID #9942,167997.704285559
ID #9952,162404.214376206
ID #9958,200969.028012213
ID #9960,227049.685813657
ID #9963,231788.373796109
ID #9967,189735.828840596
ID #9997,186245.32386843
ID #10003,188853.297205406
ID #10020,104174.695473707
ID #10028,88052.4565072603
ID #10031,100279.668144442
ID #10039,106361.414974723
ID #10052,125820.796889935
ID #10068,98373.7317893623
ID #10070,117908.323102979
ID #10072,131386.100294997
ID #10078,120192.638514671
ID #10082,168064.89761735
ID #10087,207105.471407044
ID #10088,188216.046905256
ID #10093,219936.980536468
ID #10098,146874.651237149
ID #10108,157593.406262032
ID #10122,136125.806615055
ID #10125,274527.7762531
ID #10131,275823.245228943
ID #10138,235207.891273885
ID #10153,274003.425128989
ID #10174,203003.126105796
ID #10182,203234.238480435
ID #10185,304831.063948793
ID #10188,157960.660340017
ID #10218,189255.129258887
ID #10233,118372.29871518
ID #10236,295670.563784178
ID #10247,317207.883407211
ID #10258,265878.494258001
ID #10261,341015.120785132
ID #10270,237652.820692865
ID #10277,160703.388707718
ID #10299,345999.785028146
ID #10301,342449.875422173
ID #10308,347973.214870226
ID #10330,309411.007184571
ID #10333,451171.581258073
ID #10367,303533.91188913
ID #10389,445988.41597108
ID #10396,213403.622633073
ID #10404,308873.6587658
ID #10408,225702.948409283
ID #10418,487664.048258868
ID #10426,355771.128114196
ID #10434,270351.78369631
ID #10437,258138.951762506
ID #10445,363021.117363897
ID #10449,130841.618766602
ID #10460,322191.467389276
ID #10464,366362.246470733
ID #10472,307297.945310895
ID #10499,164534.504468005
ID #10542,329801.264040688
ID #10548,340330.922930061
ID #10550,202930.108565881
ID #10555,213079.885730181
ID #10568,172091.250164276
ID #10582,290779.039298739
ID #10583,162735.951907707
ID #10590,119216.473724253
ID #10595,237312.819982113
ID #10600,193472.206301757
ID #10609,224111.828763356
ID #10626,322265.399677257
ID #10634,252343.459578689
ID #10642,180434.079020447
ID #10670,420918.149250676
ID #10691,119226.913210171
ID #10697,190945.547914851
ID #10725,496801.876396704
ID #10757,276467.775440552
ID #10760,496471.370790152
ID #10775,220258.373149236
ID #10809,158480.312742498
ID #10820,182132.10454775
ID #10821,157893.432966474
ID #10825,182835.094529605
ID #10830,403845.593605011
ID #10832,205903.691254964
ID #10853,302233.299723861
ID #10858,148395.132635717
ID #10865,166384.797775046
ID #10866,177152.831761696
ID #10887,196842.598975433
ID #10898,179756.311331985
ID #10906,158232.88458729
ID #10921,139928.310160019
ID #10938,164085.157808172
ID #10941,144899.600366024
ID #10943,162518.774899994
ID #10947,145970.768153514
ID #10963,169080.147416295
ID #10968,173220.011915739
ID #10989,275612.177618731
ID #11044,298433.835365082
ID #11047,247582.485781529
ID #11054,244817.499013511
ID #11086,171642.704366105
ID #11093,222599.761278234
ID #11104,185667.521046138
ID #11108,175643.329576699
ID #11110,170201.423552665
ID #11114,181081.187862127
ID #11125,141161.175098267
ID #11153,208491.121819543
ID #11162,153366.063496364
ID #11169,195588.693706819
ID #11173,337118.90517107
ID #11184,175838.560457614
ID #11200,159939.333946579
ID #11229,210212.519051689
ID #11232,224562.729340525
ID #11246,255697.930490628
ID #11254,167755.68828052
ID #11255,241590.628288415
ID #11273,175414.722953581
ID #11275,212426.448106933
ID #11277,185562.620385498
ID #11288,204124.128799027
ID #11301,172066.630027699
ID #11315,233000.716470419
ID #11317,230949.31330357
ID #11335,239957.55117183
ID #11340,190022.362735541
ID #11352,168806.090759507
ID #11364,182283.330158318
ID #11366,208974.746237439
ID #11374,217925.697452519
ID #11381,192397.997123835
ID #11385,377745.203492859
ID #11389,298823.830707315
ID #11396,365460.802168048
ID #11410,252771.233798959
ID #11422,276874.004171689
ID #11423,246880.752964277
ID #11433,376277.360398314
ID #11436,421828.108302464
ID #11469,313939.203712324
ID #11478,220631.671279313
ID #11482,238272.406714316
ID #11484,340770.774912494
ID #11497,236907.493469529
ID #11500,241033.57133664
ID #11509,446151.9525114
ID #11523,489818.970488615
ID #11531,115568.555447466
ID #11535,185182.660864606
ID #11549,264458.468854751
ID #11578,178054.733366635
ID #11583,238411.42166509
ID #11629,176832.489086916
ID #11634,218442.891534727
ID #11650,228260.542016622
ID #11655,248591.226975163
ID #11669,212621.325642553
ID #11680,190822.526606523
ID #11708,124435.986144895
ID #11717,214791.502116683
ID #11725,120646.217355202
ID #11728,104045.135589609
ID #11746,256034.415810502
ID #11752,182959.086006065
ID #11764,196091.948868182
ID #11766,146418.485456988
ID #11776,142308.461131899
ID #11782,146038.315369275
ID #11783,90613.6159440449
ID #11789,126977.256262339
ID #11801,98271.6665001007
ID #11823,178565.29543296
ID #11824,112902.962063048
ID #11826,138860.002275435
ID #11833,154869.030699061
ID #11835,148358.220993382
ID #11842,90947.4457580059
ID #11847,92606.0230783126
ID #11850,129953.008245359
ID #11860,75453.8313033785
ID #11862,95824.4467044645
ID #11872,100509.779888902
ID #11875,102490.578935134
ID #11900,368682.667744074
ID #11909,158599.564989203
ID #11919,117541.449731916
ID #11921,103809.042571526
ID #11924,140055.234674295
ID #11927,152096.422074293
ID #11948,203422.509893896
ID #11953,156507.685331554
ID #11957,100130.824726584
ID #11964,103922.806438974
ID #11980,121215.837488019
ID #12010,191489.9951751
ID #12033,142644.94945293
ID #12051,108717.13645723
ID #12064,163551.065591656
ID #12068,174694.73014943
ID #12073,166125.028517288
ID #12083,213317.50000624
ID #12092,109758.019148973
ID #12102,237750.573828154
ID #12116,147525.164797317
ID #12126,111845.703095928
ID #12129,132169.558886477
ID #12154,184751.718649092
ID #12159,125685.179161314
ID #12160,151699.080594378
ID #12163,114801.925561838
ID #12166,108715.823666271
ID #12186,191715.955252031
ID #12187,187471.111636355
ID #12210,136907.91051857
ID #12212,327479.723132221
ID #12219,161402.306619165
ID #12240,134419.0391307
ID #12259,102007.89893452
ID #12260,88965.4916041082
ID #12266,85299.6728282757
ID #12270,116851.034269296
ID #12276,106099.32470691
ID #12292,76718.4517342705
ID #12294,110026.302421246
ID #12297,64924.7997982488
ID #12299,162976.265766528
ID #12315,114208.611489294
ID #12334,80266.8346338459
ID #12349,101647.346505512
ID #12354,134465.926677366
ID #12383,157104.060902885
ID #12393,106259.448378016
ID #12413,90213.6508095677
ID #12430,102679.960445025
ID #12443,79543.6325015871
ID #12458,78616.5828656273
ID #12486,116480.862874457
ID #12494,117925.513437425
ID #12507,105952.989201881
ID #12510,155872.595208474
ID #12512,114513.531331515
ID #12518,80091.4018479074
ID #12523,124629.089516665
ID #12538,129198.070204339
ID #12548,309815.804107911
ID #12558,86989.0461395411
ID #12561,68102.9088254848
ID #12564,117758.21645362
ID #12572,88405.7489613122
ID #12593,170762.713673903
ID #12598,101862.721638619
ID #12625,151283.129861152
ID #12633,76543.2302802124
ID #12641,99238.6430231176
ID #12647,80875.4874628452
ID #12660,144314.625031502
ID #12661,84163.7662617594
ID #12697,89105.7010925401
ID #12700,117278.905210173
ID #12701,142543.980687219
ID #12704,129742.485643626
ID #12722,293052.575268557
ID #12725,170637.634151446
ID #12727,195311.892432693
ID #12731,187059.864788116
ID #12738,234967.24894833
ID #12760,136991.477986782
ID #12770,90929.8078150172
ID #12773,86386.1103074864
ID #12789,69918.6227166978
ID #12797,61231.0084502367
ID #12819,142348.091897354
ID #12820,113775.296602029
ID #12823,293963.985107211
ID #12825,142534.733788272
ID #12836,83525.2025237599
ID #12838,161241.763281219
ID #12845,92927.5365383106
ID #12871,119714.523392142
ID #12897,148333.408176465
ID #12903,126234.71935367
ID #12926,145266.275268119
ID #12929,111749.597335889
ID #12958,135521.170143155
ID #12967,126157.393529222
ID #12989,146509.347281083
ID #13001,166143.973587686
ID #13033,209495.069997917
ID #13045,169587.363232362
ID #13054,123727.408630739
ID #13081,128170.842654107
ID #13089,137266.240579637
ID #13099,153539.710316918
ID #13102,198528.232559929
ID #13107,149678.917175482
ID #13112,212199.344266253
ID #13115,175560.582525428
ID #13119,166202.17062231
ID #13137,131243.441327053
ID #13144,98372.7930785063
ID #13151,183470.931325437
ID #13159,128073.421454701
ID #13165,183072.538991724
ID #13192,195698.710485594
ID #13195,138125.781670443
ID #13202,139663.03108367
ID #13207,168334.042523437
ID #13210,143175.132636774
ID #13227,134293.208223206
ID #13233,245968.412610461
ID #13239,308366.465846348
ID #13247,233036.464579083
ID #13295,123808.236550328
ID #13315,101428.749915393
ID #13332,124672.386322796
ID #13361,136846.991677711
ID #13375,200531.549094903
ID #13380,232611.89654199
ID #13382,162794.959673701
ID #13404,130691.983340165
ID #13408,115635.323392072
ID #13430,104958.545554447
ID #13433,136134.519163028
ID #13435,100880.424039777
ID #13450,132692.277612904
ID #13463,125461.746311415
ID #13473,162201.22211465
ID #13479,107802.08804838
ID #13493,116943.886892149
ID #13507,69336.2597987322
ID #13512,75250.5625246113
ID #13531,172611.662136028
ID #13535,118513.648984337
ID #13540,80832.5913079319
ID #13545,159689.572942463
ID #13548,68818.1176297132
ID #13557,75245.9254768739
ID #13565,112585.348869206
ID #13577,88984.4840870116
ID #13579,90323.0522495066
ID #13589,66432.0399095734
ID #13620,104590.185859325
ID #13625,77012.7337086719
ID #13634,117789.834773999
ID #13636,79285.8974332126
ID #13642,77252.0600198391
ID #13644,80813.0217161166
ID #13652,139508.038537274
ID #13658,132760.442530314
ID #13664,216535.255503303
ID #13673,243684.462353866
ID #13680,191835.598259898
ID #13698,100883.191970733
ID #13730,139253.60291036
ID #13737,200525.759684965
ID #13744,146741.565391909
ID #13749,143715.480292942
ID #13753,214544.631888724
ID #13771,146570.00207472
ID #13777,108231.833368311
ID #13783,78246.0456404861
ID #13784,80470.0356228184
ID #13793,115972.908022599
ID #13811,91908.6752034038
ID #13816,118402.539031479
ID #13824,108704.422190922
ID #13828,106356.362465282
ID #13833,185724.087499287
ID #13836,116621.748037126
ID #13837,106872.541037406
ID #13843,102508.74169702
ID #13852,80871.2394135835
ID #13866,118866.470819906
ID #13867,121256.182517818
ID #13911,142855.146405332
ID #13920,77319.742212164
ID #13923,56526.430802257
ID #13936,124962.238393741
ID #13940,141677.001430462
ID #13961,136398.4207359
ID #13974,113647.368474591
ID #13977,124328.346037618
ID #13979,154348.518563809
ID #13984,98414.9626742545
ID #13989,100750.756113014
ID #14003,113485.763846708
ID #14006,342402.45198128
ID #14007,242188.773174071
ID #14016,223941.252278521
ID #14019,275551.242123593
ID #14024,219789.246912715
ID #14033,248739.592426798
ID #14071,156905.30418837
ID #14073,133618.372040418
ID #14085,360026.309065945
ID #14087,236790.149061237
ID #14094,128415.039421185
ID #14095,112698.509463828
ID #14097,104822.099642147
ID #14111,113707.625582404
ID #14118,188987.234068447
ID #14122,137136.39275541
ID #14128,112807.326122635
ID #14133,128013.480862981
ID #14154,253300.848865713
ID #14165,142179.19677198
ID #14168,133458.15453191
ID #14174,201645.161954921
ID #14175,134717.681221381
ID #14182,138916.010894429
ID #14183,120736.940148822
ID #14191,139285.557548184
ID #14210,177141.560986342
ID #14215,117196.07102802
ID #14219,134894.001978935
ID #14230,151229.70834293
ID #14233,160912.220353441
ID #14253,108444.869235782
ID #14255,79766.8378805868
ID #14266,95970.2598439337
ID #14270,95079.7740486028
ID #14282,82874.7942052205
ID #14284,88007.7396468986
ID #14286,114037.548158986
ID #14295,132013.129841554
ID #14301,82863.0618775982
ID #14316,79095.1465235632
ID #14324,81983.2555735627
ID #14326,124065.369799763
ID #14332,182274.42468793
ID #14337,125938.43275745
ID #14340,268098.449664983
ID #14348,184809.80221739
ID #14349,105959.480221671
ID #14352,160185.313328168
ID #14381,184908.833306051
ID #14389,170620.019451627
ID #14402,267355.31074814
ID #14408,432022.061706011
ID #14412,349581.866496994
ID #14419,170882.874708181
ID #14440,235584.04417265
ID #14449,370311.939652513
ID #14467,418099.358557801
ID #14471,446948.202887193
ID #14499,352712.239912376
ID #14511,173479.10180357
ID #14562,351729.304893654
ID #14583,143356.218095033
ID #14586,330177.833179934
ID #14591,237338.567577944
ID #14593,138552.827618064
ID #14603,154566.661464915
ID #14610,226888.632777801
ID #14618,131880.823188457
ID #14622,131997.776206993
ID #14627,148131.003914352
ID #14630,142476.517613322
ID #14640,239264.046283296
ID #14642,288638.810934601
ID #14652,136423.233789087
ID #14658,415625.380570554
ID #14660,141933.653472799
ID #14661,226055.265518334
ID #14666,184339.282327287
ID #14669,147430.719873954
ID #14672,258951.759968975
ID #14678,222664.698222269
ID #14686,254250.210053212
ID #14687,430382.859658158
ID #14717,319680.750875321
ID #14718,436009.659365803
ID #14727,182528.681543715
ID #14746,137913.726652422
ID #14751,134719.356949432
ID #14758,101454.156869562
ID #14762,134941.502679063
ID #14778,154457.109059525
ID #14784,167630.457351143
ID #14796,119092.229127509
ID #14803,146439.211345141
ID #14830,120071.294260402
ID #14845,135282.421176296
ID #14854,109645.523248179
ID #14857,207810.492463303
ID #14858,148098.905019719
ID #14859,143874.297341727
ID #14871,130301.139641537
ID #14898,97475.1998702146
ID #14900,101991.561592974
ID #14919,197050.426385974
ID #14920,210265.29420359
ID #14944,149991.542210895
ID #14950,157030.442432965
ID #14952,154374.448498199
ID #14959,210008.165199825
ID #14971,139911.678015143
ID #14978,176903.810756524
ID #14979,137554.918673444
ID #14983,170668.689412552
ID #15002,134497.289532313
ID #15005,136436.342402705
ID #15007,168765.322359129
ID #15023,161168.626295814
ID #15052,179339.910554478
ID #15064,139827.401988944
ID #15093,149946.71018553
ID #15100,146811.248963527
ID #15104,165601.15565312
ID #15138,173162.463835278
ID #15151,190544.518896944
ID #15155,290091.998523576
ID #15181,180446.850102954
ID #15188,314569.370945059
ID #15190,173546.72223928
ID #15201,192304.837836576
ID #15207,194786.317248784
ID #15250,185789.906627346
ID #15260,172847.418363396
ID #15269,208464.237372431
ID #15285,253321.906318165
ID #15292,180336.276602108
ID #15295,166452.607813562
ID #15300,236225.041544612
ID #15324,163670.149925732
ID #15327,166739.13177629
ID #15346,129484.794342201
ID #15347,121115.256776447
ID #15349,288018.11653007
ID #15351,170635.802031642
ID #15394,180300.080542815
ID #15397,197689.186226721
ID #15414,186849.819286567
ID #15416,111946.545114874
ID #15418,171210.261849402
ID #15430,154871.570280045
ID #15436,169386.944865373
ID #15449,204515.523948518
ID #15458,268512.954112831
ID #15460,221414.855605175
ID #15471,150486.528429458
ID #15482,207233.05173142
ID #15483,193745.749606486
ID #15505,319295.338380255
ID #15513,194281.214788748
ID #15521,131540.410896732
ID #15530,242146.185580494
ID #15531,170511.820930913
ID #15536,214781.263364942
ID #15563,286241.654374931
ID #15584,92163.0998026317
ID #15595,84808.1147822952
ID #15599,77793.2719625106
ID #15614,205068.203969622
ID #15620,442793.66714057
ID #15624,491305.727009022
ID #15625,190332.942931611
ID #15632,325970.660066659
ID #15633,289855.859848699
ID #15636,184421.689839523
ID #15646,259705.767185053
ID #15650,287226.32988577
ID #15652,273838.178336876
ID #15657,371681.591295619
ID #15664,483880.490432302
ID #15666,417004.581976264
ID #15670,338544.163029191
ID #15685,479674.070560525
ID #15690,495931.935183158
ID #15706,343906.039559003
ID #15707,255683.97287221
ID #15711,363324.291240627
ID #15718,290534.14779988
ID #15722,389687.381834554
ID #15738,280169.530018703
ID #15743,332124.964534846
ID #15750,406431.203690574
ID #15758,307976.732252475
ID #15761,469429.536662612
ID #15765,345228.814318919
ID #15773,427808.760042048
ID #15788,352472.318090005
ID #15789,229093.341012138
ID #15790,234119.281210364
ID #15791,278384.296874513
ID #15805,494622.312624538
ID #15808,343153.207603164
ID #15812,316485.247105497
ID #15813,364209.383637797
ID #15844,261681.672238131
ID #15859,347252.338574429
ID #15872,193327.865633953
ID #15876,184513.738107617
ID #15881,157974.719668514
ID #15882,146821.718712308
ID #15891,154664.551771475
ID #15892,119272.790835449
ID #15896,220815.757472199
ID #15900,368897.601510006
ID #15902,173100.702567442
ID #15925,388156.262633087
ID #15927,210810.565975484
ID #15932,151307.065434439
ID #15937,223661.661070127
ID #15948,338570.087867315
ID #15950,238903.391774718
ID #15951,229439.531593095
ID #15955,257755.094933364
ID #15963,226552.861972575
ID #15970,227858.411235388
ID #15984,311355.15981006
ID #15986,388896.972120841
ID #15996,351214.877919011
ID #15998,492455.098545302
ID #16020,493903.262241786
ID #16045,238977.631032655
ID #16046,246977.637072265
ID #16051,296275.591906183
ID #16064,372397.279790683
ID #16068,378492.888439127
ID #16074,299740.737106804
ID #16084,481667.398154889
ID #16109,266301.725865635
ID #16110,259468.599948699
ID #16113,246706.25741877
ID #16120,394593.33004089
ID #16131,302139.344693493
ID #16141,291328.432498435
ID #16148,253927.507053352
ID #16150,468578.333857307
ID #16161,312927.304954889
ID #16175,146365.017741038
ID #16176,442823.136913747
ID #16178,219693.036028679
ID #16186,104503.426206052
ID #16187,149784.691016637
ID #16222,185898.162167208
ID #16225,111350.243012537
ID #16236,86760.5892601916
ID #16245,102177.746767278
ID #16246,98056.8687953421
ID #16247,101639.603976512
ID #16268,83562.3965790397
ID #16274,83228.0871464767
ID #16278,65529.6262321785
ID #16311,195684.157952217
ID #16313,143799.257451563
ID #16321,143509.791002601
ID #16331,136181.892455636
ID #16334,182834.816389048
ID #16339,196127.80223116
ID #16355,121852.448049549
ID #16365,163051.836787716
ID #16367,134463.427709329
ID #16374,108313.412193016
ID #16376,107574.939749558
ID #16383,109876.715205453
ID #16384,149666.625316422
ID #16386,150671.417526901
ID #16414,124649.571130351
ID #16420,124195.194080015
ID #16422,122486.583718886
ID #16429,139580.551375875
ID #16459,192536.009575349
ID #16463,112401.579608283
ID #16465,130278.235024427
ID #16475,136884.31057696
ID #16481,144569.87105834
ID #16484,135116.547074022
ID #16487,128119.638448695
ID #16490,157248.615663069
ID #16504,111017.786106674
ID #16516,102423.616116779
ID #16530,120495.74310711
ID #16534,121833.583407477
ID #16541,100037.01277635
ID #16547,145201.235648131
ID #16549,130099.601716169
ID #16560,119963.251551105
ID #16598,230916.834707347
ID #16605,165104.083514002
ID #16608,182287.930583032
ID #16612,285838.974307407
ID #16618,248463.654258953
ID #16655,244511.073318765
ID #16659,231549.295230846
ID #16661,299226.181100298
ID #16670,285964.684066137
ID #16677,221925.978278672
ID #16678,228454.84229762
ID #16680,274162.570678595
ID #16683,166343.231188623
ID #16687,132679.122475566
ID #16690,184446.672223612
ID #16691,199309.781455847
ID #16705,209879.707849833
ID #16711,137093.161382328
ID #16728,260741.958283089
ID #16733,255365.296446065
ID #16739,256902.845088427
ID #16744,242676.851169499
ID #16746,258497.432605944
ID #16764,289529.517714385
ID #16773,292418.840445141
ID #16781,216257.38286076
ID #16790,273605.870960402
ID #16812,229737.066190485
ID #16815,265139.614112707
ID #16834,298342.18395651
ID #16866,265038.177969042
ID #16871,359831.957066654
ID #16884,419380.747314915
ID #16886,479933.12046379
ID #16888,360665.038315916
ID #16902,288586.743794073
ID #16913,494244.861326837
ID #16920,341593.395797939
ID #16922,340756.310505546
ID #16925,221983.283936347
ID #16936,302472.643821143
ID #16972,241266.1896905
ID #16982,274828.576909879
ID #16985,315794.406358353
ID #16989,368123.738575068
ID #16991,398807.64277163
ID #16994,342175.66175271
ID #16998,303453.262896009
ID #17003,290427.225615522
ID #17017,290465.818916977
ID #17033,323918.535800089
ID #17036,263583.641221668
ID #17049,469380.062823279
ID #17065,183087.913413021
ID #17079,184946.213583543
ID #17086,243175.368246337
ID #17089,260861.70077928
ID #17156,492644.002460706
ID #17172,500343.869883045
ID #17177,280715.412639522
ID #17178,295368.02328302
ID #17186,261879.472258687
ID #17192,254168.995576355
ID #17204,310313.302868707
ID #17206,326553.689952811
ID #17214,398825.192801915
ID #17215,338026.494903998
ID #17218,344781.010785605
ID #17241,199957.356743032
ID #17248,321244.691423636
ID #17250,258801.63087563
ID #17262,281847.607594799
ID #17284,317815.10556738
ID #17293,323477.318807738
ID #17313,201769.915411066
ID #17317,194282.784915076
ID #17320,294615.061051513
ID #17341,253310.703516603
ID #17345,191028.780853295
ID #17346,195086.212218544
ID #17357,202598.885586284
ID #17367,207623.120372433
ID #17370,172135.87360835
ID #17371,194095.612678794
ID #17375,130960.396861746
ID #17381,188078.277863894
ID #17388,148806.97492048
ID #17391,131347.655922576
ID #17395,224297.498205999
ID #17398,135368.432098697
ID #17412,146826.879216196
ID #17419,180321.310652229
ID #17430,190558.204071522
ID #17432,161010.786641703
ID #17433,160544.233172931
ID #17440,247877.048037065
ID #17442,289970.336628801
ID #17446,177020.562592287
ID #17449,185536.539039258
ID #17461,180094.645218442
ID #17465,196542.707520969
ID #17478,260648.958771305
ID #17516,216512.287124257
ID #17521,292015.747211595
ID #17540,221188.574812949
ID #17543,199384.368061054
ID #17558,180187.80917271
ID #17573,242093.531964942
ID #17580,192243.779280047
ID #17596,247482.597696247
ID #17627,269462.066920204
ID #17654,236567.243881244
ID #17658,285389.421621693
ID #17659,271974.247843218
ID #17675,184456.841778436
ID #17687,167825.408227295
ID #17693,232471.641495727
ID #17696,216027.948020143
ID #17730,264376.524532284
ID #17732,239131.407285492
ID #17735,283561.726381575
ID #17741,256130.016223536
ID #17745,293471.356458201
ID #17750,236285.128070095
ID #17759,222678.523060145
ID #17760,194392.576591922
ID #17795,202471.12213238
ID #17805,255461.898682241
ID #17806,240452.063274123
ID #17814,241524.031525083
ID #17823,279810.776099068
ID #17825,217101.789533384
ID #17828,246912.770122312
ID #17832,257497.594357579
ID #17845,327426.235021675
ID #17856,500948.675627567
ID #17857,223776.125041351
ID #17874,286524.784046168
ID #17876,221512.789324369
ID #17900,232890.319368902
ID #17922,259760.368886218
ID #17926,282593.148670005
ID #17929,257387.359092591
ID #17930,259434.746223748
ID #17932,212182.923749265
ID #17946,271212.387794368
ID #17964,275316.76720523
ID #17972,240786.462725234
ID #17979,268082.19215011
ID #17981,292984.697259859
ID #17982,238927.394086471
ID #17990,163171.768458434
ID #18007,241168.902573445
ID #18010,238329.437698773
ID #18015,273327.960493989
ID #18042,367205.157934421
ID #18045,282764.373053402
ID #18058,347619.507613975
ID #18073,310920.75431512
ID #18078,499405.811145291
ID #18081,497215.05166157
ID #18104,368921.633602566
ID #18115,289101.750941065
ID #18117,287363.061770836
ID #18127,320615.307378318
ID #18135,326630.490699246
ID #18137,283345.919905439
ID #18159,262824.616344672
ID #18160,331794.153856275
ID #18178,482166.770906041
ID #18208,276048.853656857
ID #18221,377569.435384754
ID #18224,246818.619176652
ID #18243,331668.084424071
ID #18293,303225.101080125
ID #18294,399932.216833176
ID #18303,267370.283529395
ID #18307,400500.942647545
ID #18313,390228.418800383
ID #18324,492149.879645269
ID #18328,492682.490286003
ID #18345,328679.185948496
ID #18357,494402.69146872
ID #18359,472618.459899153
ID #18365,464431.241659737
ID #18370,291651.463077991
ID #18374,360236.146033982
ID #18390,394301.710752153
ID #18391,354682.887376346
ID #18400,252674.256537566
ID #18401,257493.567021857
ID #18409,245977.056707181
ID #18440,259417.952167938
ID #18444,251479.326307427
ID #18464,220887.732293292
ID #18471,257806.576249292
ID #18481,273352.479559601
ID #18483,187108.107680983
ID #18484,202801.950750339
ID #18492,183384.023380019
ID #18495,114383.485382628
ID #18511,269160.284273651
ID #18539,220484.503358262
ID #18552,252525.992772098
ID #18563,297201.551176818
ID #18564,174998.519005543
ID #18604,383661.643650124
ID #18606,263642.129293727
ID #18612,272697.009111175
ID #18620,496984.620465913
ID #18629,395535.411696913
ID #18639,232832.65462733
ID #18640,280761.263620676
ID #18646,248472.955489427
ID #18658,265832.161643877
ID #18661,260721.454205588
ID #18668,244285.399432725
ID #18669,346522.857163408
ID #18687,314856.818371749
ID #18733,68635.865102846
ID #18744,88792.3429143338
ID #18746,146201.143930767
ID #18752,92725.1732100481
ID #18754,71337.6798810266
ID #18767,134655.739764294
ID #18769,131976.725572819
ID #18771,71608.0161105863
ID #18781,58576.662808701
ID #18782,73641.7021924452
ID #18786,92110.7857801218
ID #18799,96105.4228982349
ID #18801,83840.7831022736
ID #18809,73502.7513497886
ID #18836,101085.883493766
ID #18838,69499.7672211422
ID #18840,80729.9532424705
ID #18861,209129.795837281
ID #18874,141241.735374588
ID #18878,160497.617248832
ID #18882,233824.247066792
ID #18892,200505.080053913
ID #18913,175162.293316042
ID #18919,167729.283831769
ID #18944,149646.92250575
ID #18956,133993.702211068
ID #18961,143694.162267212
ID #18992,179000.916322812
ID #18999,160257.605373293
ID #19003,147093.414783319
ID #19011,158858.143731948
ID #19019,152878.940264847
ID #19021,185138.749977967
ID #19029,204296.583389396
ID #19046,132557.996697093
ID #19053,87487.9436102805
ID #19057,173680.130530596
ID #19058,193659.705455234
ID #19068,264581.041214566
ID #19070,185587.471846666
ID #19071,307446.880076737
ID #19073,177135.372470113
ID #19076,216863.341207046
ID #19077,225600.648950363
ID #19087,238265.447756862
ID #19091,218903.603180415
ID #19097,217587.906976682
ID #19102,187660.931268221
ID #19125,234821.775787624
ID #19127,198232.89324704
ID #19128,213535.603668844
ID #19164,177737.657411768
ID #19171,287992.983160211
ID #19174,197376.121259685
ID #19179,213810.638334048
ID #19186,269805.072772964
ID #19187,159450.550252493
ID #19193,223777.465669584
ID #19200,193717.856743588
ID #19222,215707.694724651
ID #19233,199673.293581322
ID #19289,224359.712602935
ID #19292,180282.466055391
ID #19317,205362.979709263
ID #19326,179619.037581264
ID #19345,172927.507076204
ID #19349,244672.226462513
ID #19350,274732.625388838
ID #19376,155227.270973509
ID #19399,78264.7273717932
ID #19403,105081.260235296
ID #19430,139546.887818269
ID #19439,198475.66200085
ID #19441,187620.54164389
ID #19481,132045.897667869
ID #19492,93943.2732696041
ID #19500,105586.082672456
ID #19517,102514.229218029
ID #19530,260048.8859566
ID #19535,79370.3461188651
ID #19537,192840.881613749
ID #19543,95201.1561300639
ID #19549,76446.2093185851
ID #19550,63118.1658242498
ID #19551,76047.4060509225
ID #19562,149068.186087595
ID #19566,162681.182487667
ID #19574,149521.788139839
ID #19585,168927.899539127
ID #19597,142996.345731587
ID #19613,132082.387618869
ID #19642,78427.8634969801
ID #19647,112994.902081363
ID #19659,129258.157777413
ID #19683,83520.5663612487
ID #19707,106612.742295921
ID #19723,103679.80353276
ID #19724,64627.052637182
ID #19728,90564.5183216033
ID #19732,72689.2946129926
ID #19734,77185.6088070764
ID #19757,77911.7723404761
ID #19761,81119.0284186768
ID #19768,69136.7467691286
ID #19778,62639.0735729146
ID #19783,104871.820641166
ID #19784,87886.6506449886
ID #19801,113868.677223365
ID #19820,56611.668312483
ID #19825,78496.8477940411
ID #19826,71145.6080762208
ID #19827,97372.050502659
ID #19832,67454.3074418677
ID #19865,134381.04356183
ID #19866,281563.249142612
ID #19873,56013.6523762926
ID #19876,56077.0391792625
ID #19882,56629.4303372399
ID #19896,59228.5862556557
ID #19899,72971.8721841715
ID #19905,92534.6374067688
ID #19918,88083.2199103819
ID #19936,76579.2628995592
ID #19940,77295.4725824391
ID #19949,59154.4239923752
ID #19955,82374.8715582611
ID #19959,80361.1067174615
ID #19965,76449.6362964251
ID #19981,56080.9465693663
ID #19983,54547.6109599554
ID #19995,61959.1975902297
ID #20016,69928.150311167
ID #20040,61974.710320949
ID #20066,128297.788297618
ID #20070,85408.8696197356
ID #20080,115812.88235016
ID #20082,134224.220695841
ID #20090,112364.64279152
ID #20153,262926.636357541
ID #20158,263865.581862636
ID #20173,344872.710468969
ID #20189,286343.271501505
ID #20205,331284.641004943
ID #20211,417286.859244046
ID #20222,314460.981327849
ID #20232,307145.809491834
ID #20247,244397.313287054
ID #20265,159678.569302772
ID #20268,184467.434257729
ID #20277,277030.945690548
ID #20281,171862.402771846
ID #20293,204761.085493092
ID #20295,223321.132697967
ID #20302,191446.163870496
ID #20310,227221.343692488
ID #20325,187732.46673742
ID #20326,258784.499626212
ID #20336,446243.896056791
ID #20348,229693.083856105
ID #20350,389794.104610482
ID #20359,275053.341933258
ID #20360,370230.831337431
ID #20365,272115.455939797
ID #20366,279400.350576849
ID #20367,288609.044517648
ID #20379,468671.283059855
ID #20385,249901.865863029
ID #20390,496923.358593187
ID #20399,263070.606407185
ID #20404,325196.535096631
ID #20406,384583.714523556
ID #20409,413177.119211931
ID #20428,469672.556295272
ID #20439,365558.333453029
ID #20452,289614.466982474
ID #20455,238692.14906788
ID #20459,213685.549668697
ID #20474,228678.166323602
ID #20481,248680.099257333
ID #20489,270675.222783903
ID #20504,390919.450209021
ID #20511,76643.0126278645
ID #20518,103403.528964909
ID #20520,112435.640120214
ID #20522,143160.512547603
ID #20530,118614.44253942
ID #20534,162762.026831079
ID #20537,83540.0069152394
ID #20541,147634.657431184
ID #20544,117769.635738068
ID #20566,86212.9522353456
ID #20592,70126.4310381532
ID #20603,77429.3923138684
ID #20617,78674.0500268509
ID #20618,118858.795092662
ID #20637,92375.4123496872
